model,mean_f1,std_f1,fold_scores
decision_tree,0.3665223404913135,0.017172646099803457,"0.3461,0.3766,0.3904,0.3718,0.3477"
