model,max_depth,accuracy,precision,recall,f1
decision_tree,3.0,0.5698924731182796,0.37786259541984735,0.7279411764705882,0.49748743718592964
decision_tree,5.0,0.621505376344086,0.4024390243902439,0.6066176470588235,0.4838709677419355
decision_tree,10.0,0.6021505376344086,0.3682795698924731,0.5036764705882353,0.4254658385093168
decision_tree,,0.624731182795699,0.358974358974359,0.3602941176470588,0.3596330275229358
