model,mean_f1,std_f1,fold_scores
knn,0.31035459034067425,0.01889028166222729,"0.3054,0.2930,0.2968,0.3461,0.3105"
