accuracy,precision,recall,f1,model,split
0.6881720430107527,0.4444444444444444,0.2647058823529412,0.3317972350230415,knn,test
