accuracy,precision,recall,f1,model,split
0.7215053763440861,0.5656565656565656,0.20588235294117646,0.3018867924528302,random_forest,test
