model,mean_f1,std_f1,fold_scores
random_forest,0.2823874642143359,0.012122627628957293,"0.2941,0.2700,0.2889,0.2933,0.2656"
